{
  "avg_latency_ms": 16,
  "config": {
    "batch_size": 50,
    "concurrency": 50,
    "target_tps": 3000,
    "use_batching": true
  },
  "confirmed": 3000,
  "failed": 0,
  "submitted": 3000,
  "timestamp": "2025-03-07T13:35:41.939569+00:00",
  "total_time_ms": 1473,
  "tps": 2036.0455684345325
}